segment,customers,visits,visit_rate,conversions,conversion_rate,total_spend,spend_per_customer,spend_per_converter
Mens E-Mail,21307,3894,0.1827568404749612,267,0.0125310930680058,30311.69,1.422616511005773,113.5269288389513
No E-Mail,21306,2262,0.10616727682343,122,0.0057260865483901,13908.33,0.6527893551112363,114.0027049180328
Womens E-Mail,21387,3238,0.151400383410483,189,0.0088371440594753,23038.11,1.0772015710478329,121.8947619047619
