treatment_group,control_conversion_rate,treatment_conversion_rate,conversion_rate_lift,relative_conversion_lift,conversion_p_value,control_spend_per_customer,treatment_spend_per_customer,spend_per_customer_lift,spend_p_value,estimated_incremental_revenue_per_100k_customers,estimated_incremental_conversions_per_100k_customers,recommendation
Mens E-Mail,0.0057260865483901,0.0125310930680058,0.0068050065196156,1.188421876286328,1.523225989785715e-13,0.6527893551112361,1.422616511005773,0.7698271558945368,1.1638149682254819e-07,76982.71558945367,680.5006519615695,Prioritize for staged rollout
Womens E-Mail,0.0057260865483901,0.0088371440594753,0.0031110575110852,0.5433130436982172,0.0001571051291067,0.6527893551112361,1.0772015710478329,0.4244122159365967,0.0011293971023632,42441.22159365967,311.1057511085258,Use selectively / follow-up targeting
